Club,GÃ©nero
Club A,Shonen
Club A,Shonen
Club A,Shonen
Club A,Shonen
Club A,Shonen
Club A,Shonen
Club A,Shonen
Club A,Shonen
Club A,Shonen
Club A,Shonen
Club A,Shonen
Club A,Shonen
Club A,Shonen
Club A,Shonen
Club A,Shonen
Club A,Shonen
Club A,Shonen
Club A,Shonen
Club A,Shonen
Club A,Shonen
Club A,Shojo
Club A,Shojo
Club A,Shojo
Club A,Shojo
Club A,Shojo
Club A,Shojo
Club A,Shojo
Club A,Shojo
Club A,Shojo
Club A,Shojo
Club A,Shojo
Club A,Shojo
Club A,Shojo
Club A,Shojo
Club A,Shojo
Club A,Seinen
Club A,Seinen
Club A,Seinen
Club A,Seinen
Club A,Seinen
Club A,Seinen
Club A,Seinen
Club A,Seinen
Club A,Seinen
Club A,Seinen
Club A,Isekai
Club A,Isekai
Club A,Isekai
Club A,Isekai
Club A,Isekai
Club B,Shonen
Club B,Shonen
Club B,Shonen
Club B,Shonen
Club B,Shonen
Club B,Shonen
Club B,Shonen
Club B,Shonen
Club B,Shonen
Club B,Shonen
Club B,Shojo
Club B,Shojo
Club B,Shojo
Club B,Shojo
Club B,Shojo
Club B,Shojo
Club B,Shojo
Club B,Shojo
Club B,Shojo
Club B,Shojo
Club B,Shojo
Club B,Shojo
Club B,Shojo
Club B,Shojo
Club B,Seinen
Club B,Seinen
Club B,Seinen
Club B,Seinen
Club B,Seinen
Club B,Seinen
Club B,Seinen
Club B,Seinen
Club B,Seinen
Club B,Seinen
Club B,Isekai
Club B,Isekai
Club B,Isekai
Club B,Isekai
Club B,Isekai
Club B,Isekai
Club C,Shonen
Club C,Shonen
Club C,Shonen
Club C,Shonen
Club C,Shonen
Club C,Shonen
Club C,Shonen
Club C,Shonen
Club C,Shonen
Club C,Shojo
Club C,Shojo
Club C,Shojo
Club C,Shojo
Club C,Shojo
Club C,Shojo
Club C,Seinen
Club C,Seinen
Club C,Seinen
Club C,Seinen
Club C,Seinen
Club C,Seinen
Club C,Seinen
Club C,Seinen
Club C,Seinen
Club C,Isekai
Club C,Isekai
Club C,Isekai
Club C,Isekai
Club C,Isekai
Club C,Isekai
